class,f1_score,precision,recall,support
0,0.5,0.44,0.5789473684210527,19.0
1,0.0,0.0,0.0,6.0
2,0.26666666666666666,0.5,0.18181818181818182,11.0
