class,f1_score,precision,recall,support
0,0.25,0.3,0.21428571428571427,14.0
1,0.48,0.4,0.6,10.0
2,0.34782608695652173,0.36363636363636365,0.3333333333333333,12.0
