class,f1_score,precision,recall,support
0,0.45,0.42857142857142855,0.47368421052631576,19.0
1,0.0,0.0,0.0,6.0
2,0.3,0.3333333333333333,0.2727272727272727,11.0
