class,f1_score,precision,recall,support
0,0.1904761904761905,0.25,0.15384615384615385,13.0
1,0.4117647058823529,0.28,0.7777777777777778,9.0
2,0.0,0.0,0.0,14.0
