class,f1_score,precision,recall,support
0,0.27272727272727276,0.3333333333333333,0.23076923076923078,13.0
1,0.3870967741935484,0.2727272727272727,0.6666666666666666,9.0
2,0.0,0.0,0.0,14.0
