class,f1_score,precision,recall,support
0,0.08695652173913043,0.1111111111111111,0.07142857142857142,14.0
1,0.48,0.4,0.6,10.0
2,0.25,0.25,0.25,12.0
