class,f1_score,precision,recall,support
0,0.3636363636363637,0.4444444444444444,0.3076923076923077,13.0
1,0.7333333333333334,0.5789473684210527,1.0,11.0
2,0.4,0.5,0.3333333333333333,12.0
