class,f1_score,precision,recall,support
0,0.3529411764705882,0.3,0.42857142857142855,14.0
1,0.4,0.3333333333333333,0.5,10.0
2,0.0,0.0,0.0,12.0
