class,f1_score,precision,recall,support
0,0.0,0.0,0.0,14.0
1,0.5161290322580645,0.38095238095238093,0.8,10.0
2,0.43478260869565216,0.45454545454545453,0.4166666666666667,12.0
