class,f1_score,precision,recall,support
0,0.3157894736842105,0.5,0.23076923076923078,13.0
1,0.7096774193548387,0.55,1.0,11.0
2,0.5454545454545454,0.6,0.5,12.0
