class,f1_score,precision,recall,support
0,0.35294117647058826,0.375,0.3333333333333333,9.0
1,0.64,0.5714285714285714,0.7272727272727273,11.0
2,0.4666666666666667,0.5,0.4375,16.0
