class,f1_score,precision,recall,support
0,0.3333333333333333,0.3125,0.35714285714285715,14.0
1,0.4666666666666667,0.35,0.7,10.0
2,0.0,0.0,0.0,12.0
